Name,Length
Actuator_YFP,720
CamR,660
Sensor_AraC,840
Sensor_LacI,1083
Sensor_LuxR,753
Sensor_TetR,624
fecA_Part1,106
fecA_Part2,2219
Circuit_IcaR,561
Circuit_PhlF,603
KanR,816
rsd_Part1,205
rsd_Part2,272
aaeA,933
aaeB,1968
aaeR,930
aaeX,204
aas,2160
aat,705
abgA,1311
abgB,1446
abgR,909
abgT,1527
abrB,1047
accA,960
accB,471
accC,1350
accD,915
aceA,1305
aceB,1602
aceE,2664
aceF,1893
aceK,1737
ackA,1203
acnA,2676
acnB,2598
acpH,582
acpP,237
acpS,381
acpT,588
acrA,1194
acrB,3150
acrD,3114
acrE,1158
acrF,3105
acrR,648
acrS,663
acrZ,150
acs,1959
actP,1650
acuI,975
ada,1065
add,1002
adeD,1767
adeP,1338
adeQ,1335
adhE,2676
adhP,1011
adiA,2268
adiC,1338
adiY,762
adk,645
aegA,1980
aer,1521
aes,960
afuC,1047
agaB,477
agaC,804
agaD,792
agaI,756
agaR,810
agaS,1155
agaV,474
agp,1242
ahpC,564
ahpF,1566
ahr,1020
aidB,1626
ais,603
alaA,1218
alaC,1239
alaE,450
alaS,2631
aldA,1440
aldB,1539
alkA,849
alkB,651
allA,483
allB,1362
allC,1236
allD,1050
allE,786
allR,816
allS,927
alpA,213
alr,1080
alsA,1533
alsB,936
alsC,981
alsE,696
alsK,930
alsR,891
alx,966
amiA,870
amiB,1338
amiC,1254
amiD,831
amn,1455
ampC,1134
ampD,552
ampE,855
ampG,1476
ampH,1158
amtB,1287
amyA,1488
anmK,1110
ansA,1017
ansB,1047
ansP,1500
apaG,378
apaH,843
apbE,1056
aphA,714
appA,1299
appY,750
apt,552
aqpZ,696
araA,1503
araB,1701
araC,879
araD,696
araE,1419
araF,990
araG,1515
araH,987
araJ,1185
arcA,717
arcB,2337
arfA,219
arfB,423
argA,1332
argB,777
argC,1005
argD,1221
argE,1152
argF,1005
argG,1344
argH,1374
argI,1005
argK,996
argO,636
argP,894
argR,471
argS,1734
argT,783
ariR,267
arnA,1983
arnB,1140
arnC,969
arnD,891
arnE,336
arnF,387
arnT,1653
aroA,1284
aroB,1089
aroC,1086
aroD,759
aroE,819
aroF,1071
aroG,1053
aroH,1047
aroK,522
aroL,525
aroM,678
aroP,1374
arpA,2187
arsB,1290
arsC,426
arsR,354
artI,732
artJ,732
artM,669
artP,729
artQ,717
ascB,1425
ascF,1458
ascG,1011
asd,1104
aslA,1656
aslB,1236
asmA,1854
asnA,993
asnB,1665
asnC,459
asnS,1401
aspA,1437
aspC,1191
aspS,1773
asr,309
astA,1035
astB,1344
astC,1221
astD,1479
astE,969
atoA,651
atoB,1185
atoC,1386
atoD,663
atoE,1323
atoS,1827
atpA,1542
atpB,816
atpC,420
atpD,1383
atpE,240
atpF,471
atpG,864
atpH,534
atpI,381
avtA,1254
azoR,606
azuC,87
bacA,822
baeR,723
baeS,1404
bamA,2433
bamB,1179
bamC,1035
bamD,738
bamE,342
barA,2757
basR,669
basS,1092
bax,825
bcp,471
bcr,1191
bcsA,2619
bcsB,2340
bcsC,3474
bcsE,1572
bcsF,192
bcsG,1680
bcsZ,1107
bdcA,714
bdcR,594
bdm,216
bepA,1464
betA,1671
betB,1473
betI,588
betT,2034
bfd,195
bfr,477
bglA,1440
bglB,1413
bglF,1878
bglG,837
bglH,1617
bglJ,678
bglX,2298
bhsA,258
bioA,1290
bioB,1041
bioC,756
bioD,678
bioF,1155
bioH,771
birA,966
bisC,2334
blc,534
blr,126
bluF,1212
bluR,732
bolA,318
borD,294
brnQ,1320
bsmA,330
bssR,384
bssS,255
btuB,1845
btuC,981
btuD,750
btuE,552
btuF,801
btuR,591
cadA,2148
cadB,1335
cadC,1539
caiA,1143
caiB,1218
caiC,1554
caiD,786
caiE,591
caiF,396
caiT,1515
can,663
carA,1149
carB,3222
casA,1509
casB,483
casC,1092
casD,675
casE,600
cbdA,1545
cbdB,1137
cbdX,93
cbeA,369
cbl,951
cbpA,921
cbpM,306
cbrA,1065
cbrB,468
cbrC,588
cbtA,375
cca,1239
ccmA,624
ccmB,663
ccmC,738
ccmD,210
ccmE,480
ccmF,1944
ccmH,1053
cdaR,1158
cdd,885
cdh,756
cdsA,858
cedA,243
cfa,1149
chaA,1101
chaB,231
chaC,696
chbA,351
chbB,321
chbC,1359
chbF,1353
chbG,750
chbR,843
cheA,1965
cheB,1050
cheR,861
cheW,504
cheY,390
cheZ,645
chiA,2694
chiP,1407
chiQ,327
cho,888
chpB,351
chpS,252
chrR,567
cirA,1992
citA,1659
citB,681
citC,1059
citD,297
citE,909
citF,1533
citG,879
citT,1464
citX,552
clcA,1422
clcB,1257
clpA,2277
clpB,2574
clpP,624
clpS,321
clpX,1275
clsA,1461
clsB,1242
clsC,1422
cmk,684
cmoA,744
cmoB,972
cmtA,1389
cmtB,444
cnu,216
coaA,951
coaD,480
coaE,621
cobB,729
cobC,612
cobS,744
cobT,1080
cobU,546
codA,1284
codB,1260
cof,819
cohE,675
copA,2505
corA,951
cpdA,828
cpdB,1944
cpsB,1437
cpsG,1371
cptA,408
cpxA,1374
cpxP,501
cpxR,699
cra,1005
creA,474
creB,690
creC,1425
creD,1353
crfC,2229
croE,201
crp,633
crr,510
csdA,1206
csdE,444
csgA,456
csgB,456
csgC,333
csgD,651
csgE,390
csgF,417
csgG,834
csiD,978
csiE,1281
csiR,663
cspA,213
cspB,216
cspC,210
cspD,225
cspE,210
cspF,213
cspG,213
cspH,213
cspI,213
csrA,186
csrD,1941
cstA,2106
cueO,1551
cueR,408
curA,1038
cusA,3144
cusB,1224
cusC,1374
cusF,333
cusR,684
cusS,1443
cutA,339
cutC,747
cvpA,489
cvrA,1737
cyaA,2547
cyaY,321
cybB,531
cycA,1413
cydA,1569
cydB,1140
cydC,1722
cydD,1767
cydX,114
cynR,900
cynS,471
cynT,660
cynX,1155
cyoA,948
cyoB,1992
cyoC,615
cyoD,330
cyoE,891
cysA,1098
cysB,975
cysC,606
cysD,909
cysE,822
cysG,1374
cysH,735
cysI,1713
cysJ,1800
cysK,972
cysM,912
cysN,1428
cysP,1017
cysQ,741
cysS,1386
cysU,834
cysW,876
cysZ,762
cytR,1026
dacA,1212
dacB,1434
dacC,1203
dacD,1167
dadA,1299
dadX,1071
dam,837
damX,1287
dapA,879
dapB,822
dapD,825
dapE,1128
dapF,825
dauA,1680
dbpA,1374
dcd,582
dcm,1419
dcp,2046
dcrB,558
dctA,1287
dctR,531
dcuA,1302
dcuB,1341
dcuC,1386
dcuD,1368
dcuR,720
dcuS,1632
dcyD,987
ddlA,1095
ddlB,921
ddpA,1551
ddpB,1023
ddpC,897
ddpD,987
ddpF,927
ddpX,582
deaD,1890
dedA,660
dedD,663
def,510
degP,1425
degQ,1368
degS,1068
deoA,1323
deoB,1224
deoC,780
deoD,720
deoR,759
der,1473
dfp,1221
dgcZ,891
dgkA,369
dgoA,618
dgoD,1149
dgoK,879
dgoR,690
dgoT,1293
dgt,1518
dhaK,1071
dhaL,633
dhaM,1419
dhaR,1920
diaA,591
dicA,408
dicB,189
dicC,231
dinB,1056
dinD,825
dinF,1380
dinG,2151
dinI,246
dinJ,261
dinQ,84
djlA,816
djlB,1428
djlC,1452
dkgA,828
dkgB,804
dksA,456
dld,1716
dmlA,1086
dmlR,924
dmsA,2445
dmsB,618
dmsC,864
dmsD,615
dnaA,1404
dnaB,1416
dnaC,738
dnaE,3483
dnaG,1746
dnaJ,1131
dnaK,1917
dnaN,1101
dnaQ,732
dnaT,540
dnaX,1932
dosC,1383
dosP,2400
dppA,1608
dppB,1020
dppC,903
dppD,984
dppF,1005
dps,504
dsbA,627
dsbB,531
dsbC,711
dsbD,1698
dsbE,558
dsbG,747
dsdA,1329
dsdC,936
dsdX,1338
dsrB,189
dtd,438
dtpA,1503
dtpB,1470
dtpC,1458
dtpD,1482
dusA,1038
dusB,966
dusC,948
dut,456
dxr,1197
dxs,1863
eamA,900
eamB,588
ebgA,3093
ebgC,450
ebgR,984
ecnA,126
ecnB,147
eco,489
ecpA,588
ecpB,669
ecpC,2526
ecpD,1644
ecpE,711
ecpR,591
eda,642
edd,1812
efeB,1272
efeO,1128
efp,567
elaA,462
elaB,306
elaD,1212
elbB,654
elfA,540
elfC,2601
elfD,702
elfG,1071
elyC,780
emrA,1173
emrB,1539
emrD,1185
emrE,333
emrK,1164
emrY,1539
emtA,612
endA,708
eno,1299
entA,747
entB,858
entC,1176
entD,621
entE,1611
entF,3882
entH,414
entS,1251
envC,1260
envY,762
envZ,1353
epd,1020
epmA,978
epmB,1029
epmC,549
eptA,1644
eptB,1692
eptC,1734
era,906
erpA,345
essD,216
essQ,216
etk,2181
etp,447
ettA,1668
eutA,1404
eutB,1362
eutC,888
eutD,1017
eutE,1404
eutG,1188
eutH,1227
eutJ,837
eutK,501
eutL,660
eutM,294
eutN,288
eutP,480
eutQ,702
eutR,1053
eutS,336
eutT,804
evgA,615
evgS,3594
exbB,735
exbD,426
exoX,663
exuR,777
exuT,1299
fabA,519
fabB,1221
fabD,930
fabF,1242
fabG,735
fabH,954
fabI,789
fabR,648
fabZ,456
fadA,1164
fadB,2190
fadD,1686
fadE,2445
fadH,2019
fadI,1311
fadJ,2145
fadK,1647
fadL,1341
fadM,399
fadR,720
fau,549
fbaA,1080
fbaB,1053
fbp,999
fdhD,834
fdhE,930
fdhF,2148
fdnG,3048
fdnH,885
fdnI,654
fdoG,3051
fdoH,903
fdoI,636
fdrA,1668
fdx,336
feaB,1500
feaR,906
fecB,903
fecC,999
fecD,957
fecE,768
fecI,522
fecR,954
feoA,228
feoB,2322
feoC,237
fepA,2241
fepB,957
fepC,816
fepD,1005
fepE,1134
fepG,993
fes,1203
fetA,678
fetB,780
ffh,1362
fhlA,2079
fhuA,2244
fhuB,1983
fhuC,798
fhuD,891
fhuE,2190
fhuF,789
fic,603
fieF,903
fimA,549
fimB,603
fimC,726
fimD,2637
fimE,597
fimF,531
fimG,504
fimH,903
fimI,540
fis,297
fiu,2283
fixA,771
fixB,942
fixC,1287
fixX,288
fklB,621
fkpA,813
fkpB,450
flc,384
fldA,531
fldB,522
flgA,660
flgB,417
flgC,405
flgD,696
flgE,1209
flgF,756
flgG,783
flgH,699
flgI,1098
flgJ,942
flgK,1644
flgL,954
flgM,294
flgN,417
flhA,2079
flhB,1149
flhC,579
flhD,351
flhE,393
fliA,720
fliC,1497
fliD,1407
fliE,315
fliF,1659
fliG,996
fliH,687
fliI,1374
fliJ,444
fliK,1128
fliL,465
fliM,1005
fliN,414
fliO,366
fliP,738
fliQ,270
fliR,786
fliS,411
fliT,366
fliY,801
fliZ,552
flk,996
flu,3120
flxA,333
fmt,948
fnr,753
focA,858
focB,849
folA,480
folB,369
folC,1269
folD,867
folE,669
folK,480
folM,723
folP,849
folX,363
fpr,747
frc,1251
frdA,1809
frdB,735
frdC,396
frdD,360
fre,702
frlA,1338
frlB,1023
frlC,831
frlD,786
frlR,732
frmA,1110
frmB,834
frmR,276
frr,558
frsA,1245
fruA,1692
fruB,1131
fruK,939
frvA,447
frvB,1452
frvR,1749
frvX,1071
frwA,2502
frwB,321
frwC,1080
frwD,342
fryA,2496
fryB,327
fryC,1248
fsaA,663
fsaB,663
fsr,1221
ftnA,498
ftnB,504
ftsA,1263
ftsB,312
ftsE,669
ftsH,1935
ftsI,1767
ftsK,3990
ftsL,366
ftsN,960
ftsP,1413
ftsQ,831
ftsW,1245
ftsX,1059
ftsY,1494
ftsZ,1152
fucA,648
fucI,1776
fucK,1419
fucO,1149
fucP,1317
fucR,732
fucU,423
fumA,1647
fumB,1647
fumC,1404
fur,447
fusA,2115
fxsA,477
gabD,1449
gabP,1401
gabT,1281
gadA,1401
gadB,1401
gadC,1536
gadE,528
gadW,729
gadX,825
galE,1017
galK,1149
galM,1041
galP,1395
galR,1032
galS,1041
galT,1047
galU,909
gapA,996
garD,1572
garK,1146
garL,771
garP,1335
garR,885
gatA,453
gatB,285
gatD,1041
gatY,855
gatZ,1263
gcd,2391
gcl,1782
gcvA,918
gcvH,390
gcvP,2874
gcvR,573
gcvT,1095
gdhA,1344
gfcA,306
gfcB,645
gfcC,747
gfcD,2097
gfcE,1140
ggt,1743
ghoS,297
ghoT,174
ghrA,939
ghrB,975
ghxP,1350
ghxQ,1368
glcA,1683
glcB,2172
glcC,765
glcD,1500
glcE,1053
glcF,1224
glcG,405
gldA,1104
glf,1104
glgA,1434
glgB,2187
glgC,1296
glgP,2448
glgS,201
glgX,1974
glk,966
glmM,1338
glmS,1830
glmU,1371
glnA,1410
glnB,339
glnD,2673
glnE,2841
glnG,1410
glnH,747
glnK,339
glnL,1050
glnP,660
glnQ,723
glnS,1665
gloA,408
gloB,756
glpA,1629
glpB,1260
glpC,1191
glpD,1506
glpE,327
glpF,846
glpG,831
glpK,1509
glpQ,1077
glpT,1359
glpX,1011
glrK,1428
glrR,1335
glsA,933
glsB,927
gltA,1284
gltB,4461
gltD,1419
gltF,765
gltI,909
gltJ,741
gltK,675
gltL,726
gltP,1314
gltS,1206
gltX,1416
gluQ,927
glxK,1146
glxR,879
glyA,1254
glyQ,912
glyS,2070
gmd,1122
gmhA,579
gmhB,576
gmk,624
gmr,1986
gnd,1407
gnsA,174
gnsB,174
gntK,528
gntP,1344
gntR,996
gntT,1317
gntU,1341
gntX,684
gor,1353
gph,759
gpmA,753
gpmM,1545
gpp,1485
gpr,1041
gpsA,1020
gpt,459
grcA,384
greA,477
greB,477
groL,1647
groS,294
grpE,594
grxA,258
grxB,648
grxC,252
grxD,348
gshA,1557
gshB,951
gsiA,1872
gsiB,1539
gsiC,921
gsiD,912
gsk,1305
gspA,1470
gspB,420
gspC,816
gspD,1953
gspE,1482
gspF,1197
gspG,438
gspH,510
gspI,378
gspJ,588
gspK,984
gspL,1164
gspM,462
gspO,678
gss,1860
gstA,606
gstB,627
gtrA,363
gtrB,921
gtrS,1332
guaA,1578
guaB,1467
guaC,1044
guaD,1320
gudD,1341
gudP,1353
gudX,1341
gyrA,2628
gyrB,2415
hcaB,813
hcaC,321
hcaD,1203
hcaE,1362
hcaF,519
hcaR,891
hcaT,1140
hchA,852
hcp,1653
hcr,969
hda,702
hdeA,333
hdeB,327
hdeD,573
hdfR,840
hdhA,768
helD,2055
hemA,1257
hemB,975
hemC,942
hemD,741
hemE,1065
hemF,900
hemG,546
hemH,963
hemL,1281
hemN,1374
hemX,1182
hemY,1197
hflC,1005
hflD,642
hflK,1260
hflX,1281
hfq,309
hha,219
hicA,177
hicB,417
higA,417
higB,315
hinT,360
hipA,1323
hipB,267
hisA,738
hisB,1068
hisC,1071
hisD,1305
hisF,777
hisG,900
hisH,591
hisI,612
hisJ,783
hisL,51
hisM,717
hisP,774
hisQ,687
hisS,1275
hiuH,414
hldD,933
hldE,1434
hlyE,912
hmp,1191
hns,414
hofB,1386
hofC,1203
hofM,780
hofN,540
hofO,441
hofP,405
hofQ,1239
hokA,153
hokB,150
hokD,156
hokE,153
holA,1032
holB,1005
holC,444
holD,414
holE,231
hpf,288
hpt,537
hrpA,3903
hrpB,2430
hscA,1851
hscB,516
hscC,1671
hsdM,1590
hsdR,3513
hsdS,1395
hslJ,423
hslO,879
hslR,402
hslU,1332
hslV,531
hspQ,318
hsrA,1428
htpG,1875
htpX,882
htrE,2598
hupA,273
hupB,273
hyaA,1119
hyaB,1794
hyaC,708
hyaD,588
hyaE,399
hyaF,858
hybA,987
hybB,1179
hybC,1704
hybD,495
hybE,489
hybF,342
hybG,249
hybO,1119
hycA,462
hycB,612
hycC,1827
hycD,924
hycE,1710
hycF,543
hycG,768
hycH,411
hycI,471
hydN,528
hyfA,618
hyfB,2019
hyfC,948
hyfD,1440
hyfE,651
hyfF,1581
hyfG,1668
hyfH,546
hyfI,759
hyfJ,414
hyfR,2013
hyi,777
hypA,351
hypB,873
hypC,273
hypD,1122
hypE,1011
hypF,2253
hypT,912
hyuA,1386
iaaA,966
iadA,1173
iap,1038
ibaG,255
ibpA,414
ibpB,429
ibsA,60
ibsB,57
ibsC,60
ibsD,60
ibsE,60
icd,1251
iceT,1416
iclR,825
idi,549
idnD,1032
idnK,564
idnO,765
idnR,999
idnT,1320
ihfA,300
ihfB,285
ileS,2817
ilvA,1545
ilvB,1689
ilvC,1476
ilvD,1851
ilvE,930
ilvH,492
ilvI,1725
ilvL,99
ilvM,264
ilvN,291
ilvX,51
ilvY,894
inaA,651
infA,219
infB,2673
infC,543
intA,1242
intD,1164
intE,1128
intF,1401
intR,1236
intS,1158
intZ,1209
iraD,393
iraM,324
iraP,261
iscA,324
iscR,489
iscS,1215
iscU,387
iscX,201
ispA,900
ispB,972
ispD,711
ispE,852
ispF,480
ispG,1119
ispH,951
ispU,762
ivbL,99
ivy,474
katE,2262
katG,2181
kbaY,861
kbaZ,1281
kbl,1197
kch,1254
kdgK,930
kdgR,792
kdgT,984
kdpA,1674
kdpB,2049
kdpC,573
kdpD,2685
kdpE,678
kdsA,855
kdsB,747
kdsC,567
kdsD,987
kduD,762
kduI,837
kefB,1806
kefC,1863
kefF,531
kefG,555
kgtP,1299
kptA,555
kup,1869
lacA,612
lacI,1083
lacY,1254
lacZ,3075
lamB,1341
ldcA,915
ldcC,2142
ldhA,990
ldrA,108
ldrB,108
ldrC,108
ldrD,108
ldtA,933
ldtB,921
ldtC,963
ldtD,1848
ldtE,1005
lepA,1800
lepB,975
leuA,1572
leuB,1092
leuC,1401
leuD,606
leuE,639
leuL,87
leuO,945
leuS,2583
lexA,609
lgoD,1023
lgoR,915
lgoT,1362
lgt,876
lhgO,1269
lhr,4617
ligA,2016
ligB,1683
ligT,531
lipA,966
lipB,642
lit,894
livF,714
livG,768
livH,927
livJ,1104
livK,1110
livM,1278
lldD,1191
lldP,1656
lldR,777
lnt,1539
loiP,759
lolA,612
lolB,624
lolC,1200
lolD,702
lolE,1245
lon,2355
lpd,1425
lplA,1017
lplT,1194
lpoA,2037
lpoB,642
lpp,237
lptA,558
lptB,726
lptC,576
lptD,2355
lptE,582
lptF,1101
lptG,1083
lpxA,789
lpxB,1149
lpxC,918
lpxD,1026
lpxH,723
lpxK,987
lpxL,921
lpxM,972
lpxP,921
lpxT,714
lrhA,939
lrp,495
lspA,495
lsrA,1536
lsrB,1023
lsrC,1029
lsrD,993
lsrF,876
lsrG,291
lsrK,1593
lsrR,954
ltaE,1002
luxS,516
lysA,1263
lysC,1350
lysP,1470
lysR,936
lysS,1518
lysU,1518
lyxK,1497
maa,552
macA,1116
macB,1947
maeA,1698
maeB,2280
mak,909
malE,1191
malF,1545
malG,891
malI,1029
malK,1116
malM,921
malP,2394
malQ,2085
malS,2031
malT,2706
malX,1593
malY,1173
malZ,1815
manA,1176
manX,972
manY,801
manZ,852
map,795
marA,384
marB,219
marC,666
marR,435
matP,453
mazE,249
mazF,336
mazG,792
mcbA,261
mcbR,666
mcrA,834
mcrB,1380
mcrC,1047
mdaB,582
mdfA,1233
mdh,939
mdlA,1773
mdlB,1782
mdtA,1248
mdtB,3123
mdtC,3078
mdtE,1158
mdtF,3114
mdtG,1227
mdtH,1209
mdtI,330
mdtJ,366
mdtK,1374
mdtL,1176
mdtM,1233
mdtN,1032
mdtO,2052
mdtP,1467
melA,1356
melB,1422
melR,909
menA,927
menB,858
menC,963
menD,1671
menE,1356
menF,1296
menH,759
menI,411
mepA,825
mepH,816
mepM,1323
mepS,567
metA,930
metB,1161
metC,1188
metE,2262
metF,891
metG,2034
metH,3684
metI,654
metJ,318
metK,1155
metL,2433
metN,1032
metQ,816
metR,954
mfd,3447
mglA,1521
mglB,999
mglC,1011
mgrB,144
mgsA,459
mgtA,2697
mgtL,54
mhpA,1665
mhpB,945
mhpC,867
mhpD,810
mhpE,1014
mhpF,951
mhpR,834
mhpT,1212
miaA,951
miaB,1425
minC,696
minD,813
minE,267
mioC,444
mipA,747
mlaA,756
mlaB,294
mlaC,636
mlaD,552
mlaE,783
mlaF,810
mlc,1221
mliC,330
mlrA,732
mltA,1098
mltB,1086
mltC,1080
mltD,1359
mltF,1557
mmuM,933
mmuP,1404
mnaT,519
mngA,1977
mngB,2634
mngR,723
mnmA,1107
mnmC,2007
mnmE,1365
mnmG,1890
mnmH,1095
mntH,1239
mntP,567
mntR,468
mntS,129
moaA,990
moaB,513
moaC,486
moaD,246
moaE,453
mobA,585
mobB,528
mocA,579
modA,774
modB,690
modC,1059
modE,789
modF,1473
moeA,1236
moeB,750
mog,588
mokB,168
mokC,210
motA,888
motB,927
mpaA,729
mpl,1374
mppA,1614
mprA,531
mqo,1647
mqsA,396
mqsR,297
mraY,1083
mraZ,459
mrcA,2553
mrcB,2535
mrdA,1902
mrdB,1113
mreB,1044
mreC,1104
mreD,489
mrp,1110
mrr,915
msbA,1749
mscK,3363
mscL,411
mscM,3324
mscS,861
msrA,639
msrB,414
msrC,498
msyB,375
mtfA,798
mtgA,729
mtlA,1914
mtlD,1149
mtlR,588
mtn,699
mtr,1245
mug,507
mukB,4461
mukE,705
mukF,1323
murA,1260
murB,1029
murC,1476
murD,1317
murE,1488
murF,1359
murG,1068
murI,858
murJ,1536
murP,1425
murQ,897
murR,858
mutH,690
mutL,1848
mutM,810
mutS,2562
mutT,390
mutY,1053
mzrA,384
nac,918
nadA,1044
nadB,1623
nadC,894
nadD,642
nadE,828
nadK,879
nadR,1233
nagA,1149
nagB,801
nagC,1221
nagE,1947
nagK,912
nagZ,1026
nanA,894
nanC,717
nanE,690
nanK,876
nanM,1107
nanR,792
nanS,981
nanT,1491
napA,2487
napB,450
napC,603
napD,264
napF,495
napG,696
napH,864
narG,3744
narH,1539
narI,678
narJ,711
narK,1392
narL,651
narP,648
narQ,1701
narU,1389
narV,681
narW,696
narX,1797
narY,1545
narZ,3741
ndh,1305
ndk,432
nei,792
nemA,1098
nemR,600
nepI,1191
nfi,672
nfo,858
nfrA,2973
nfrB,2238
nfsA,723
nfsB,654
nfuA,576
nhaA,1167
nhaB,1542
nhaR,906
nhoA,846
nikA,1575
nikB,945
nikC,834
nikD,765
nikE,807
nikR,402
nirB,2544
nirC,807
nirD,327
nlpA,819
nlpC,465
nlpD,1140
nlpE,711
nlpI,885
nnr,1548
nohD,546
norR,1515
norV,1440
norW,1134
npr,273
nrdA,2286
nrdB,1131
nrdD,2139
nrdE,2145
nrdF,960
nrdG,465
nrdH,246
nrdI,411
nrdR,450
nrfA,1437
nrfB,567
nrfC,672
nrfD,957
nrfE,1659
nrfF,384
nrfG,597
nsrR,426
nth,636
nudB,453
nudC,774
nudE,561
nudF,630
nudG,408
nudI,426
nudJ,462
nudK,576
nudL,579
nuoA,444
nuoB,663
nuoC,1791
nuoE,501
nuoF,1338
nuoG,2727
nuoH,978
nuoI,543
nuoJ,555
nuoK,303
nuoL,1842
nuoM,1530
nuoN,1458
nupC,1203
nupG,1257
nupX,1251
nusA,1488
nusB,420
nusG,546
obgE,1173
ogrK,219
ogt,516
ompA,1041
ompC,1104
ompF,1089
ompG,906
ompL,693
ompN,1134
ompR,720
ompT,954
ompW,639
ompX,516
opgB,2292
opgC,1158
opgD,1656
opgE,1584
opgG,1536
opgH,2544
oppA,1632
oppB,921
oppC,909
oppD,1014
oppF,1005
orn,546
osmB,219
osmC,432
osmE,339
osmF,918
osmY,606
otsA,1425
otsB,801
oxc,1695
oxyR,918
paaA,930
paaB,288
paaC,747
paaD,498
paaE,1071
paaF,768
paaG,789
paaH,1428
paaI,423
paaJ,1206
paaK,1314
paaX,951
paaY,591
paaZ,2046
pabA,564
pabB,1362
pabC,810
pagP,561
pal,522
panB,795
panC,852
panD,381
panE,912
panF,1452
panM,384
paoA,690
paoB,957
paoC,2199
paoD,957
parC,2259
parE,1893
patA,1380
patD,1425
pbpC,2313
pbpG,933
pck,1623
pcm,627
pcnB,1398
pdhR,765
pdxA,990
pdxB,1137
pdxH,657
pdxJ,732
pdxK,852
pdxY,864
pepA,1512
pepB,1284
pepD,1458
pepE,690
pepN,2613
pepP,1326
pepQ,1332
pepT,1227
perR,894
pfkA,963
pfkB,930
pflA,741
pflB,2283
pflC,879
pflD,2298
pfo,3525
pgaA,2424
pgaB,2019
pgaC,1326
pgaD,414
pgi,1650
pgk,1164
pgl,996
pgm,1641
pgpA,519
pgpB,765
pgpC,636
pgrR,900
pgsA,549
pheA,1161
pheL,48
pheM,45
pheP,1377
pheS,984
pheT,2388
phnC,789
phnD,1017
phnF,726
phnG,453
phnH,585
phnI,1065
phnJ,846
phnK,759
phnL,681
phnM,1137
phnN,558
phnO,435
phnP,759
phoA,1416
phoB,690
phoE,1056
phoH,1065
phoP,672
phoQ,1461
phoR,1296
phoU,726
php,879
phr,1419
pinE,555
pinQ,591
pinR,591
pitA,1500
pitB,1500
pka,2661
plaP,1359
pldA,870
pldB,1023
pliG,402
plsB,2424
plsC,738
plsX,1071
plsY,618
pmbA,1353
pmrD,267
pmrR,90
pncA,642
pncB,1203
pncC,498
pnp,2136
pntA,1533
pntB,1389
pnuC,720
polA,2787
polB,2352
potA,1137
potB,828
potC,795
potD,1047
potE,1320
potF,1113
potG,1134
potH,954
potI,846
poxB,1719
ppa,531
ppc,2652
ppdA,471
ppdB,564
ppdC,324
ppdD,441
pphA,657
pphB,657
ppiA,573
ppiB,495
ppiC,282
ppiD,1872
ppk,2067
pppA,810
ppsA,2379
ppsR,834
pptA,234
ppx,1542
pqiA,1254
pqiB,1641
pqiC,564
pqqL,2796
prc,2049
preA,1236
preT,1239
prfA,1083
prfB,75
prfC,1590
priA,2199
priB,315
priC,528
prkB,870
prlC,2043
prlF,336
prmA,882
prmB,933
prmC,834
proA,1254
proB,1104
proC,810
proP,1503
proQ,699
proS,1719
proV,1203
proW,1065
proX,993
proY,1374
prpB,891
prpC,1170
prpD,1452
prpE,1887
prpR,1587
prs,948
psd,969
psiE,411
psiF,321
pspA,669
pspB,225
pspC,360
pspD,222
pspE,315
pspF,978
pspG,243
pssA,1356
pstA,891
pstB,774
pstC,960
pstS,1041
psuG,939
psuK,942
psuT,1251
pta,2145
pth,585
ptrA,2889
ptrB,2061
ptsG,1434
ptsH,258
ptsI,1728
ptsN,492
ptsP,2247
purA,1299
purB,1371
purC,714
purD,1290
purE,510
purF,1518
purH,1590
purK,1068
purL,3888
purM,1038
purN,639
purR,1026
purT,1179
purU,843
putA,3963
putP,1509
puuA,1419
puuB,1281
puuC,1488
puuD,765
puuE,1266
puuP,1386
puuR,558
pykA,1443
pykF,1413
pyrB,936
pyrC,1047
pyrD,1011
pyrE,642
pyrF,738
pyrG,1638
pyrH,726
pyrI,462
pyrL,135
qmcA,918
qorA,984
qorB,861
qseB,660
qseC,1350
queA,1071
queC,696
queD,366
queE,672
queF,849
queG,1140
quuD,384
quuQ,753
racC,276
racR,477
radA,1383
raiA,342
rapA,2907
rarA,1344
rarD,891
ratA,477
ratB,291
ravA,1497
rayT,498
rbbA,2736
rbfA,402
rbn,918
rbsA,1506
rbsB,891
rbsC,966
rbsD,420
rbsK,930
rbsR,993
rcdA,537
rclA,1326
rclB,237
rclC,594
rclR,855
rcnA,825
rcnB,339
rcnR,273
rcsA,624
rcsB,651
rcsC,2850
rcsD,2673
rcsF,405
rdgB,594
rdgC,912
recA,1062
recB,3543
recC,3369
recD,1827
recE,2601
recF,1074
recG,2082
recJ,1734
recN,1662
recO,729
recQ,1830
recR,606
recT,810
recX,501
relA,2235
relB,240
relE,288
rem,252
rep,2022
rfaH,489
rfbA,882
rfbB,1086
rfbC,558
rfbD,900
rffG,1068
rffH,882
rhaA,1260
rhaB,1470
rhaD,825
rhaM,315
rhaR,849
rhaS,837
rhaT,1035
rhlB,1266
rhlE,1365
rhmA,804
rhmD,1206
rhmR,783
rhmT,1290
rho,1260
rhsA,4134
rhsB,4236
rhsC,4194
rhsD,4281
rhtA,888
rhtB,621
rhtC,621
ribA,591
ribB,654
ribC,642
ribD,1104
ribE,471
ribF,942
ridA,387
rihA,936
rihB,942
rihC,915
rimI,447
rimJ,585
rimK,903
rimL,540
rimM,549
rimO,1326
rimP,453
rlmA,810
rlmB,732
rlmC,1128
rlmD,1302
rlmE,630
rlmF,927
rlmG,1137
rlmH,468
rlmI,1191
rlmJ,843
rlmL,2109
rlmM,1101
rlmN,1155
rlpA,1089
rluA,660
rluB,876
rluC,960
rluD,981
rluE,654
rluF,873
rmf,168
rmuC,1428
rna,807
rnb,1935
rnc,681
rnd,1128
rne,3186
rng,1470
rnhA,468
rnhB,597
rnk,411
rnlA,1074
rnlB,372
rnpA,360
rnr,2442
rnt,648
rob,870
rodZ,1014
rof,255
roxA,1122
rpe,678
rpiA,660
rpiB,450
rplA,705
rplB,822
rplC,630
rplD,606
rplE,540
rplF,534
rplI,450
rplJ,498
rplK,429
rplL,366
rplM,429
rplN,372
rplO,435
rplP,411
rplQ,384
rplR,354
rplS,348
rplT,357
rplU,312
rplV,333
rplW,303
rplX,315
rplY,285
rpmA,258
rpmB,237
rpmC,192
rpmD,180
rpmE,213
rpmF,174
rpmG,168
rpmH,141
rpmI,198
rpmJ,117
rpoA,990
rpoB,4029
rpoC,4224
rpoD,1842
rpoE,576
rpoH,855
rpoN,1434
rpoS,993
rpoZ,276
rppH,531
rpsA,1674
rpsB,726
rpsC,702
rpsD,621
rpsE,504
rpsF,396
rpsG,540
rpsH,393
rpsI,393
rpsJ,312
rpsK,390
rpsL,375
rpsM,357
rpsN,306
rpsO,270
rpsP,249
rpsQ,255
rpsR,228
rpsS,279
rpsT,264
rpsU,216
rraA,486
rraB,417
rrrD,498
rrrQ,534
rseA,651
rseB,957
rseC,480
rseP,1353
rsfS,318
rsgA,1053
rsmA,822
rsmB,1290
rsmC,1032
rsmD,597
rsmE,732
rsmF,1440
rsmG,624
rsmH,942
rsmI,861
rsmJ,753
rspA,1215
rspB,1020
rspR,687
rssA,906
rssB,1014
rstA,720
rstB,1302
rsuA,696
rsxA,582
rsxB,579
rsxC,2223
rsxD,1059
rsxE,696
rsxG,621
rtcA,1017
rtcB,1227
rtcR,1599
rtn,1557
rusA,363
rutA,1149
rutB,693
rutC,387
rutD,801
rutE,591
rutF,495
rutG,1329
rutR,639
ruvA,612
ruvB,1011
ruvC,522
rzoR,186
rzpD,462
rzpQ,498
sad,1389
sanA,720
sapA,1644
sapB,966
sapC,891
sapD,993
sapF,807
satP,567
sbcB,1428
sbcC,3147
sbcD,1203
sbmA,1221
sbmC,474
sbp,990
scpA,2145
scpB,786
scpC,1479
sdaA,1365
sdaB,1368
sdaC,1290
sdhA,1767
sdhB,717
sdhC,390
sdhD,348
sdhE,267
sdiA,723
secA,2706
secB,468
secD,1848
secE,384
secF,972
secG,333
secM,513
secY,1332
selA,1392
selB,1845
selD,1044
seqA,546
serA,1233
serB,969
serC,1089
serS,1293
setA,1179
setB,1182
setC,1185
sfmA,543
sfmC,693
sfmD,2604
sfmF,516
sfmH,984
sfmZ,633
sfsA,705
sfsB,279
sgbE,696
sgbH,663
sgbU,861
sgcA,432
sgcB,279
sgcC,1314
sgcE,633
sgcQ,807
sgcR,783
sgcX,1122
sgrR,1656
sgrT,132
shiA,1317
shoB,81
sieB,489
sixA,486
skp,486
slmA,597
slp,567
slt,1938
slyA,435
slyB,468
slyD,591
slyX,219
smf,1125
smg,474
smpB,483
smrA,564
smrB,552
smtA,786
sodA,621
sodB,582
sodC,522
sohB,1050
solA,1119
soxR,465
soxS,324
speA,1977
speB,921
speC,2136
speD,795
speE,867
speF,2199
speG,561
spoT,2109
sppA,1857
spy,486
sra,138
srkA,987
srlA,564
srlB,372
srlD,780
srlE,960
srlM,360
srlQ,966
srlR,774
srmB,1335
ssb,537
sseA,846
sseB,777
sslE,4563
ssnA,1329
sspA,639
sspB,498
sstT,1245
ssuA,960
ssuB,768
ssuC,792
ssuD,1146
ssuE,576
stfP,630
stfQ,963
stfR,3363
sthA,1401
stpA,405
sucA,2802
sucB,1218
sucC,1167
sucD,870
sufA,369
sufB,1488
sufC,747
sufD,1272
sufE,417
sufS,1221
sugE,318
suhB,804
sulA,510
surA,1287
sxy,630
syd,546
symE,342
tabA,453
tadA,504
tag,564
talA,951
talB,954
tam,759
tamA,1734
tamB,3780
tap,1602
tar,1662
tas,1041
tatA,270
tatB,516
tatC,777
tatD,783
tatE,204
tauA,963
tauB,768
tauC,828
tauD,852
tcdA,807
tdcA,939
tdcB,990
tdcC,1332
tdcD,1209
tdcE,2295
tdcF,390
tdcG,1365
tdh,1026
tdk,618
tehA,993
tehB,594
tesA,627
tesB,861
tfaE,603
tfaP,414
tfaQ,576
tfaR,576
tgt,1128
thiB,984
thiC,1896
thiD,801
thiE,636
thiF,756
thiG,771
thiH,1134
thiI,1449
thiK,825
thiL,978
thiM,789
thiP,1611
thiQ,699
thiS,201
thrA,2463
thrB,933
thrC,1287
thrL,66
thrS,1929
thyA,795
tig,1299
tilS,1299
tisB,90
tktA,1992
tktB,2004
tldD,1446
tmcA,2016
tmk,642
tnaA,1416
tnaB,1248
tnaC,75
tolA,1266
tolB,1293
tolC,1482
tolQ,693
tolR,429
tomB,375
tonB,720
topA,2598
topB,1962
torA,2547
torC,1173
torD,600
torI,201
torR,693
torS,2745
torT,1029
torY,1101
torZ,2430
tpiA,768
tpr,90
tpx,507
tqsA,1035
treA,1698
treB,1422
treC,1656
treF,1650
treR,948
trg,1641
trkA,1377
trkG,1458
trkH,1452
trmA,1101
trmD,768
trmH,690
trmI,720
trmJ,741
trmL,474
trmN,738
trpA,807
trpB,1194
trpC,1362
trpD,1596
trpE,1563
trpL,45
trpR,327
trpS,1005
truA,813
truB,945
truC,783
truD,1050
trxA,330
trxB,966
trxC,420
tsaA,708
tsaB,696
tsaC,573
tsaD,1014
tsaE,462
tsf,852
tsgA,1182
tsr,1656
tsx,885
ttcA,936
ttdA,912
ttdB,606
ttdR,933
ttdT,1464
tufA,1185
tufB,1185
tus,930
tusA,246
tusB,288
tusC,360
tusD,387
tusE,330
tynA,2274
typA,1824
tyrA,1122
tyrB,1194
tyrP,1212
tyrR,1542
tyrS,1275
uacT,1449
ubiA,873
ubiB,1641
ubiC,498
ubiD,1494
ubiE,756
ubiF,1176
ubiG,723
ubiH,1179
ubiI,1203
ubiJ,606
ubiX,570
ucpA,792
udk,642
udp,762
ugd,1167
ugpA,888
ugpB,1317
ugpC,1071
ugpE,846
ugpQ,744
uhpA,591
uhpB,1503
uhpC,1320
uhpT,1392
uidA,1812
uidB,1374
uidC,1266
uidR,591
ulaA,1398
ulaB,306
ulaC,465
ulaD,651
ulaE,855
ulaF,687
ulaG,1065
ulaR,756
umpG,762
umpH,753
umuC,1269
umuD,420
ung,690
uof,87
upp,627
uraA,1290
usg,1014
ushA,1653
uspA,435
uspB,336
uspC,429
uspD,429
uspE,951
uspF,435
uspG,429
uup,1908
uvrA,2823
uvrB,2022
uvrC,1833
uvrD,2163
uvrY,657
uxaA,1488
uxaB,1452
uxaC,1413
uxuA,1185
uxuB,1461
uxuR,774
valS,2856
ves,576
viaA,1452
vsr,471
waaA,1278
waaB,1080
waaC,960
waaF,1047
waaG,1125
waaH,1035
waaL,1260
waaO,1020
waaP,798
waaQ,1035
waaR,1017
waaS,936
waaU,1074
waaY,699
waaZ,852
wbbH,1167
wbbI,993
wbbJ,591
wbbK,1119
wcaA,840
wcaB,489
wcaC,1218
wcaD,1218
wcaE,747
wcaF,549
wcaG,966
wcaH,480
wcaI,1224
wcaJ,1395
wcaK,1281
wcaL,1221
wcaM,1395
wcaN,894
wecA,1104
wecB,1131
wecC,1263
wecD,675
wecE,1131
wecF,1080
wecG,741
wecH,996
wrbA,597
wza,1140
wzb,444
wzc,2163
wzxB,1248
wzxC,1479
wzxE,1251
wzyE,1353
wzzB,981
wzzE,1047
xanP,1392
xanQ,1401
xapA,834
xapB,1257
xapR,885
xdhA,2259
xdhB,879
xdhC,480
xdhD,2871
xerC,897
xerD,897
xisE,246
xseA,1371
xseB,243
xthA,807
xylA,1323
xylB,1455
xylE,1476
xylF,993
xylG,1542
xylH,1182
xylR,1179
yaaA,777
yaaI,405
yaaJ,1431
yaaU,1332
yaaW,714
yaaX,297
yaaY,219
yabI,765
yacC,348
yacG,198
yacH,1854
yacL,363
yadC,1239
yadD,903
yadE,1230
yadG,927
yadH,771
yadI,441
yadK,597
yadL,606
yadM,570
yadN,585
yadS,624
yadV,741
yaeF,825
yaeH,387
yaeI,813
yaeP,201
yaeQ,546
yaeR,390
yafC,915
yafD,801
yafE,624
yafJ,768
yafK,741
yafL,750
yafN,294
yafO,399
yafP,453
yafQ,279
yafS,723
yafT,786
yafV,771
yafW,318
yafX,459
yafY,444
yafZ,822
yagA,1155
yagE,909
yagF,1968
yagG,1383
yagH,1611
yagI,759
yagK,627
yagL,699
yagM,855
yagN,441
yagU,615
yahA,1089
yahB,933
yahC,498
yahD,606
yahE,864
yahF,1548
yahG,1419
yahI,951
yahJ,1383
yahK,1050
yahL,816
yahM,246
yahN,672
yahO,276
yaiA,192
yaiC,1116
yaiE,285
yaiI,459
yaiL,540
yaiO,774
yaiP,1197
yaiS,558
yaiV,624
yaiW,1095
yaiY,309
yaiZ,213
yajC,333
yajD,348
yajG,579
yajI,540
yajL,591
yajO,975
yajQ,492
yajR,1365
ybaA,354
ybaB,330
ybaE,1701
ybaK,480
ybaL,1677
ybaM,162
ybaN,378
ybaO,459
ybaP,795
ybaQ,342
ybaT,1293
ybaV,372
ybaY,573
ybaZ,390
ybbA,687
ybbC,369
ybbJ,459
ybbN,855
ybbO,810
ybbP,2415
ybbW,1455
ybbY,1302
ybcF,894
ybcH,891
ybcI,522
ybcJ,213
ybcK,1527
ybcL,552
ybcM,798
ybcN,456
ybcO,291
ybcV,411
ybcW,207
ybdD,198
ybdF,369
ybdG,1248
ybdH,1089
ybdJ,249
ybdK,1119
ybdL,1161
ybdM,630
ybdN,1221
ybdO,903
ybdR,1239
ybdZ,219
ybeD,264
ybeF,954
ybeL,483
ybeQ,978
ybeR,708
ybeT,555
ybeU,708
ybeX,879
ybeY,468
ybeZ,1041
ybfA,207
ybfB,327
ybfC,570
ybfD,762
ybfE,294
ybfF,765
ybfP,495
ybgA,510
ybgC,405
ybgD,567
ybgE,294
ybgF,792
ybgI,744
ybgJ,657
ybgK,933
ybgL,735
ybgO,1062
ybgP,729
ybgQ,2448
ybgS,381
ybhA,819
ybhB,477
ybhC,1284
ybhD,954
ybhF,1737
ybhG,999
ybhH,1053
ybhI,1434
ybhJ,2262
ybhK,909
ybhL,705
ybhM,714
ybhN,957
ybhP,762
ybhQ,411
ybhR,1107
ybhS,1134
ybiA,483
ybiB,963
ybiC,1086
ybiH,672
ybiI,267
ybiJ,261
ybiO,2226
ybiR,1119
ybiT,1593
ybiU,1266
ybiV,816
ybiW,2433
ybiX,678
ybiY,900
ybjC,288
ybjD,1659
ybjE,900
ybjG,597
ybjH,285
ybjI,816
ybjJ,1209
ybjL,1686
ybjM,378
ybjN,477
ybjO,489
ybjP,516
ybjQ,324
ybjS,1014
ybjT,1431
ybjX,993
ycaC,627
ycaD,1149
ycaI,2265
ycaK,591
ycaL,765
ycaM,1431
ycaN,909
ycaO,1761
ycaP,693
ycaQ,1233
ycaR,183
ycbF,711
ycbJ,894
ycbK,549
ycbL,648
ycbU,543
ycbV,516
ycbX,1110
ycbZ,1761
yccA,660
yccE,1257
yccF,447
yccJ,228
yccM,1074
yccS,2154
yccT,663
yccU,414
yccX,279
ycdT,1359
ycdU,987
ycdX,738
ycdY,555
ycdZ,492
yceA,1053
yceB,561
yceD,522
yceF,585
yceG,1023
yceH,648
yceI,576
yceJ,567
yceK,228
yceM,924
yceO,141
yceQ,321
ycfH,798
ycfJ,540
ycfL,378
ycfP,543
ycfQ,633
ycfT,1074
ycfZ,789
ycgB,1533
ycgG,1524
ycgJ,369
ycgL,294
ycgM,660
ycgN,462
ycgR,735
ycgV,2868
ycgX,405
ycgY,441
ycgZ,237
ychA,810
ychE,648
ychF,1092
ychH,279
ychJ,459
ychN,354
ychO,1395
ychQ,393
yciA,399
yciB,540
yciC,744
yciE,507
yciF,501
yciG,180
yciH,327
yciI,297
yciK,759
yciM,1170
yciN,252
yciO,621
yciQ,1896
yciS,309
yciT,750
yciU,330
yciV,882
yciW,1128
yciX,168
yciY,174
yciZ,174
ycjD,354
ycjF,1062
ycjG,966
ycjM,1680
ycjN,1293
ycjO,882
ycjP,843
ycjQ,1053
ycjR,789
ycjS,1056
ycjT,2268
ycjU,660
ycjW,999
ycjX,1398
ycjY,921
ydaF,156
ydaG,135
ydaM,1233
ydaN,984
ydaQ,216
ydaS,297
ydaT,423
ydaU,858
ydaV,747
ydbC,861
ydbD,2307
ydbH,2640
ydbJ,267
ydbL,327
ydcA,174
ydcC,1137
ydcD,483
ydcF,801
ydcH,225
ydcI,924
ydcJ,1344
ydcK,981
ydcL,669
ydcN,537
ydcO,1176
ydcP,1962
ydcR,1407
ydcS,1146
ydcT,1014
ydcU,942
ydcV,795
ydcX,174
ydcY,234
ydcZ,450
yddA,1686
yddB,2373
yddE,894
yddG,882
yddH,570
yddM,285
yddW,1320
ydeA,1191
ydeE,1188
ydeI,393
ydeJ,519
ydeM,1158
ydeN,1683
ydeO,762
ydeP,2280
ydeQ,915
ydeR,504
ydeS,531
ydfA,156
ydfB,129
ydfC,219
ydfD,192
ydfG,747
ydfI,1461
ydfK,234
ydfO,411
ydfR,312
ydfU,1050
ydfV,306
ydfZ,204
ydgA,1509
ydgC,336
ydgD,822
ydgH,945
ydgI,1383
ydgJ,1041
ydgK,441
ydgU,84
ydhB,933
ydhC,1212
ydhF,897
ydhI,237
ydhJ,858
ydhK,2013
ydhL,240
ydhP,1170
ydhQ,1257
ydhR,306
ydhS,1605
ydhT,813
ydhU,786
ydhV,2103
ydhW,648
ydhX,669
ydhY,627
ydhZ,210
ydiB,867
ydiE,192
ydiF,1596
ydiH,189
ydiJ,3057
ydiK,1113
ydiL,357
ydiM,1215
ydiN,1266
ydiO,1152
ydiP,912
ydiQ,765
ydiR,939
ydiS,1290
ydiT,294
ydiU,1437
ydiV,714
ydiY,759
ydiZ,291
ydjA,552
ydjE,1359
ydjF,759
ydjG,981
ydjH,948
ydjI,837
ydjJ,1044
ydjK,1380
ydjL,1077
ydjM,591
ydjN,1392
ydjO,804
ydjX,711
ydjY,678
ydjZ,708
yeaC,273
yeaD,885
yeaE,855
yeaG,1935
yeaH,1284
yeaI,1476
yeaJ,1491
yeaK,504
yeaL,447
yeaM,822
yeaN,1182
yeaO,348
yeaP,1026
yeaQ,249
yeaR,360
yeaV,1446
yeaW,1125
yeaX,966
yeaY,582
yebB,603
yebC,741
yebE,660
yebF,357
yebG,291
yebK,870
yebO,288
yebQ,1374
yebS,1284
yebT,2634
yebV,237
yebW,192
yebY,342
yebZ,873
yecA,666
yecC,753
yecD,567
yecE,819
yecF,225
yecH,240
yecJ,252
yecM,567
yecN,396
yecR,324
yecS,669
yecT,489
yedA,921
yedD,414
yedE,1206
yedF,234
yedI,918
yedJ,696
yedK,669
yedL,480
yedP,816
yedQ,1695
yedR,366
yedV,1359
yedW,672
yedY,1005
yedZ,636
yeeA,1059
yeeD,228
yeeE,1059
yeeJ,7077
yeeN,717
yeeO,1488
yeeR,1533
yeeS,447
yeeT,222
yeeX,330
yeeY,930
yeeZ,825
yefM,252
yegD,1353
yegE,3318
yegH,1584
yegI,1947
yegJ,462
yegK,762
yegL,660
yegP,333
yegQ,1362
yegR,318
yegS,900
yegT,1278
yegU,1005
yegV,966
yegW,747
yegX,819
yehA,1035
yehB,2481
yehD,543
yehE,282
yehI,3633
yehK,318
yehL,1089
yehM,2280
yehP,1137
yehR,462
yehS,471
yehT,720
yehU,1686
yehW,732
yehX,927
yehY,1158
yeiB,1158
yeiE,882
yeiG,837
yeiH,1050
yeiI,1089
yeiL,660
yeiP,573
yeiQ,1467
yeiR,987
yeiS,240
yeiW,255
yejA,1815
yejB,1095
yejE,1026
yejF,1590
yejG,345
yejH,1761
yejK,1008
yejL,228
yejM,1761
yfaA,1689
yfaD,900
yfaE,255
yfaL,3753
yfaP,777
yfaQ,1650
yfaT,624
yfaY,1203
yfaZ,543
yfbK,1728
yfbL,972
yfbM,504
yfbN,717
yfbO,423
yfbP,849
yfbR,600
yfbS,1833
yfbT,651
yfbU,495
yfbV,456
yfcA,810
yfcC,1521
yfcD,543
yfcE,555
yfcF,645
yfcG,648
yfcH,894
yfcI,891
yfcJ,1179
yfcL,279
yfcO,822
yfcP,540
yfcQ,489
yfcR,513
yfcS,753
yfcV,564
yfcZ,285
yfdC,933
yfdE,1146
yfdF,1059
yfdK,441
yfdN,495
yfdP,363
yfdQ,825
yfdR,537
yfdS,363
yfdT,306
yfdV,945
yfdX,636
yfdY,243
yfeA,2190
yfeC,345
yfeD,393
yfeH,999
yfeK,375
yfeN,765
yfeO,1257
yfeR,927
yfeS,735
yfeW,1305
yfeX,900
yfeY,576
yfeZ,450
yffB,357
yffL,642
yffM,246
yffN,369
yffO,417
yffP,594
yffQ,378
yffR,393
yffS,810
yfgD,360
yfgF,2244
yfgG,192
yfgH,519
yfgI,540
yfgJ,216
yfgM,621
yfgO,1062
yfhG,714
yfhH,849
yfhL,261
yfhM,4962
yfhR,855
yfiB,483
yfiE,882
yfiF,1038
yfiH,732
yfiL,366
yfiM,324
yfiN,1227
yfiP,699
yfiR,519
yfjD,1287
yfjH,957
yfjI,1410
yfjJ,627
yfjK,2190
yfjL,1617
yfjM,264
yfjP,864
yfjQ,822
yfjR,702
yfjS,444
yfjT,468
yfjW,1704
yfjX,459
yfjY,483
yfjZ,318
ygaC,345
ygaH,336
ygaM,330
ygaP,525
ygaU,450
ygaV,300
ygaZ,738
ygbA,354
ygbE,324
ygbF,285
ygbI,768
ygbJ,909
ygbK,1167
ygbL,639
ygbM,777
ygbN,1365
ygbT,918
ygcB,2667
ygcE,1479
ygcG,873
ygcN,1272
ygcO,261
ygcP,576
ygcQ,861
ygcR,780
ygcS,1338
ygcU,1455
ygcW,786
ygdB,408
ygdD,396
ygdG,756
ygdH,1365
ygdI,228
ygdQ,714
ygdR,219
ygeA,693
ygeH,1377
ygeI,219
ygeR,756
ygeV,1779
ygeW,1191
ygeX,1197
ygeY,1212
ygfB,579
ygfF,744
ygfI,897
ygfK,3099
ygfM,780
ygfS,489
ygfT,1920
ygfZ,981
yggC,714
yggD,510
yggE,741
yggF,966
yggI,498
yggL,327
yggM,1008
yggN,720
yggP,1278
yggR,981
yggS,705
yggT,567
yggU,291
yggW,1137
yggX,276
yghA,885
yghB,660
yghD,537
yghG,411
yghQ,1068
yghR,759
yghS,714
yghT,693
yghU,867
yghW,288
ygiB,672
ygiC,1161
ygiD,789
ygiF,1302
ygiL,552
ygiM,621
ygiN,315
ygiQ,2220
ygiS,1608
ygiV,483
ygiW,393
ygiZ,333
ygjH,333
ygjI,1434
ygjJ,1071
ygjK,2352
ygjP,504
ygjQ,693
ygjR,987
ygjV,552
yhaB,540
yhaC,1188
yhaH,366
yhaI,357
yhaJ,897
yhaK,702
yhaL,165
yhaM,1311
yhaO,1332
yhaV,465
yhbE,966
yhbJ,855
yhbO,519
yhbP,444
yhbQ,303
yhbS,504
yhbT,525
yhbU,996
yhbV,879
yhbW,1008
yhbX,1626
yhbY,294
yhcA,675
yhcB,399
yhcC,930
yhcD,2382
yhcF,717
yhcG,1128
yhcH,465
yhcN,264
yhcO,273
yhdE,594
yhdJ,885
yhdN,369
yhdP,3801
yhdT,243
yhdU,180
yhdV,222
yhdX,1182
yhdY,1104
yhdZ,759
yheO,723
yheS,1914
yheT,1023
yheU,219
yheV,201
yhfA,405
yhfG,168
yhfK,2103
yhfL,168
yhfS,1086
yhfT,1305
yhfU,354
yhfW,1227
yhfX,1164
yhfY,363
yhfZ,906
yhgA,879
yhgE,1725
yhgF,2322
yhgN,594
yhhA,441
yhhH,384
yhhI,1137
yhhJ,1125
yhhL,270
yhhM,360
yhhN,627
yhhQ,666
yhhS,1218
yhhT,1050
yhhW,696
yhhX,1038
yhhY,489
yhhZ,1179
yhiD,648
yhiI,1068
yhiJ,1623
yhiM,1053
yhiN,1203
yhjA,1398
yhjB,603
yhjC,900
yhjD,1014
yhjE,1323
yhjG,2061
yhjH,768
yhjJ,1497
yhjK,1989
yhjR,189
yhjV,1272
yhjX,1209
yhjY,699
yiaA,438
yiaB,342
yiaC,441
yiaD,660
yiaF,711
yiaG,291
yiaJ,849
yiaK,999
yiaL,468
yiaM,474
yiaN,1278
yiaO,987
yiaT,741
yiaU,975
yiaV,1137
yiaW,324
yiaY,1152
yibA,843
yibB,858
yibF,609
yibG,462
yibH,1137
yibI,363
yibL,363
yibN,432
yibQ,960
yibT,210
yicC,864
yicG,618
yicH,1710
yicI,2319
yicJ,1383
yicL,924
yicN,453
yicR,669
yicS,294
yidA,813
yidB,399
yidC,1647
yidD,258
yidE,1662
yidF,498
yidG,363
yidH,348
yidI,450
yidJ,1494
yidK,1716
yidL,894
yidP,717
yidQ,333
yidR,1248
yidX,657
yidZ,960
yieE,750
yieH,666
yieK,723
yieL,1170
yieP,693
yifB,1521
yifE,339
yifK,1386
yifL,204
yigA,708
yigB,717
yigE,765
yigF,381
yigG,381
yigI,468
yigL,801
yigM,900
yigZ,615
yihA,633
yihD,270
yihF,1431
yihG,933
yihI,510
yihL,711
yihM,981
yihN,1266
yihO,1404
yihP,1386
yihQ,2037
yihR,927
yihS,1242
yihT,879
yihU,897
yihV,897
yihW,786
yihX,600
yihY,873
yiiD,990
yiiE,213
yiiF,219
yiiG,1056
yiiM,675
yiiQ,600
yiiR,441
yiiS,300
yiiX,609
yijD,360
yijE,906
yijF,618
yijO,852
yjaA,384
yjaB,444
yjaG,591
yjaH,696
yjaZ,540
yjbB,1632
yjbD,273
yjbE,243
yjbF,639
yjbG,738
yjbH,2097
yjbJ,210
yjbM,708
yjbQ,417
yjbR,357
yjbT,279
yjcB,282
yjcC,1587
yjcE,1650
yjcF,1293
yjcH,315
yjcO,690
yjcS,1986
yjcZ,879
yjdC,576
yjdF,630
yjdI,231
yjdJ,273
yjdM,336
yjdN,444
yjdP,330
yjeH,1257
yjeI,354
yjeJ,870
yjeM,1503
yjeN,315
yjeO,315
yjeT,198
yjeV,54
yjfC,1164
yjfF,996
yjfI,402
yjfJ,699
yjfK,660
yjfL,399
yjfM,639
yjfN,276
yjfP,750
yjfY,276
yjfZ,795
yjgA,552
yjgH,396
yjgL,1815
yjgM,504
yjgN,1197
yjgR,1503
yjgZ,330
yjhB,1218
yjhC,1119
yjhF,1350
yjhG,1968
yjhH,906
yjhI,789
yjhP,747
yjhQ,546
yjhU,987
yjhX,258
yjiA,957
yjiC,831
yjiG,462
yjiH,684
yjiJ,1179
yjiK,861
yjiL,768
yjiM,1152
yjiN,1281
yjiR,1413
yjiS,165
yjiX,204
yjiY,2151
yjjA,495
yjjB,474
yjjG,678
yjjI,1551
yjjJ,1332
yjjP,771
yjjQ,726
yjjU,1074
yjjV,780
yjjW,864
yjjX,513
yjjY,141
yjjZ,237
yjtD,687
ykfA,864
ykfB,468
ykfF,240
ykfG,477
ykfH,222
ykfI,342
ykfM,480
ykgE,720
ykgF,1428
ykgG,696
ykgH,669
ykgJ,330
ykgL,228
ykgM,264
ykgO,141
ykgR,102
ylaB,1551
ylaC,471
ylbE,1260
ylbF,816
ylcH,102
ylcI,195
yliE,2349
yliF,1329
yliI,1116
ymcE,231
ymdA,312
ymdB,534
ymdF,174
ymfA,462
ymfD,666
ymfE,705
ymfI,342
ymfJ,309
ymfL,558
ymfM,339
ymfQ,585
ymfR,183
ymgA,273
ymgC,249
ymgD,330
ymgE,255
ymgF,219
ymgG,345
ymgJ,186
ymiA,165
ymiB,105
ymjA,246
ynaE,234
ynaI,1032
ynaJ,258
ynaK,264
ynbA,606
ynbB,897
ynbC,1758
ynbD,1293
ynbE,186
yncD,2103
yncE,1062
yncG,618
yncJ,231
yncL,96
yneE,915
yneF,948
yneG,360
yneJ,882
yneK,1116
yneM,96
ynfA,327
ynfB,342
ynfC,711
ynfD,306
ynfE,2427
ynfF,2424
ynfG,618
ynfH,855
ynfK,696
ynfL,894
ynfM,1254
ynfN,156
ynfO,234
ynhF,90
yniA,861
yniB,537
yniC,669
yniD,108
ynjA,549
ynjB,1167
ynjC,1536
ynjD,654
ynjE,1308
ynjF,621
ynjH,273
ynjI,1041
yoaA,1911
yoaB,345
yoaC,300
yoaD,1599
yoaE,1557
yoaF,255
yoaG,183
yoaH,180
yoaI,105
yoaJ,75
yoaK,99
yobA,375
yobB,657
yobD,459
yobF,144
yobH,240
yodB,531
yodC,183
yodD,228
yoeB,255
yoeI,63
yohC,588
yohD,579
yohF,762
yohJ,399
yohK,696
yohO,108
yohP,84
yojI,1644
ypdA,1698
ypdB,735
ypdC,858
ypdE,1038
ypdF,1086
ypdI,276
ypdK,72
ypeA,426
ypeB,219
ypeC,327
ypfG,1044
ypfH,699
ypfJ,864
ypfM,60
ypfN,201
yphA,423
yphB,873
yphC,1062
yphD,999
yphE,1512
yphF,984
yphG,3282
yphH,1194
ypjA,4581
ypjD,792
ypjF,330
ypjJ,201
ypjK,237
yqaA,429
yqaB,567
yqaE,159
yqcA,450
yqcC,330
yqcE,1278
yqeA,933
yqeB,1626
yqeC,771
yqeF,1182
yqeG,1230
yqeH,633
yqeI,810
yqeJ,483
yqfA,660
yqfB,312
yqfG,126
yqgA,708
yqgB,132
yqgC,216
yqgE,564
yqgF,417
yqhA,495
yqhC,957
yqhD,1164
yqhG,927
yqhH,258
yqiA,582
yqiB,423
yqiC,291
yqiH,750
yqiI,1065
yqiJ,630
yqiK,1662
yqjA,663
yqjC,369
yqjD,306
yqjE,405
yqjF,393
yqjG,987
yqjH,765
yqjI,624
yqjK,300
yraH,585
yraI,696
yraJ,2517
yraK,1092
yraN,396
yraP,576
yraQ,1041
yraR,636
yrbG,978
yrbL,633
yrbN,81
yrdA,555
yrdB,258
yrdD,543
yrfF,2136
yrfG,669
yrhB,285
ysaA,474
ysaB,300
ysgA,816
yshB,111
ytfB,639
ytfE,663
ytfF,966
ytfH,381
ytfI,939
ytfJ,555
ytfK,207
ytfL,1344
ytfP,342
ytfQ,957
ytfR,1503
ytfT,1026
ythA,126
ytjA,162
ytjB,645
ytjC,648
zapA,330
zapB,246
zapC,543
zapD,744
zapE,1128
zinT,651
zipA,987
zitB,942
zntA,2199
zntR,426
znuA,933
znuB,786
znuC,756
zraP,426
zraR,1326
zraS,1398
zupT,774
zur,516
zwf,1476
insL1,1113
insB1,504
insA,276
insI1,1152
insH1,1017
insE1,300
insF1,867
insC1,366
insD1,906
insQ,1149
insJ,522
insK,852
insG,1329
